Model,ROC_AUC,PR_AUC,Brier_Score,Accuracy_Default,Sensitivity_Default,Specificity_Default,F1_Default,Kappa_Default,Optimal_Threshold,OOF_F1,Accuracy_Optimal,Sensitivity_Optimal,Specificity_Optimal,F1_Optimal,Kappa_Optimal
Logistic Regression,0.8909544811517018,0.7020403390710098,0.10549537536308233,0.8561151079136691,0.6751269035532995,0.8950819672131147,0.6244131455399061,0.5360456444303052,0.48,0.5518,0.8534172661870504,0.6852791878172588,0.8896174863387978,0.6235565819861432,0.5334609999176345
KNN,0.8191728384788216,0.48411162574064126,0.1809756276611364,0.7571942446043165,0.766497461928934,0.7551912568306011,0.527972027972028,0.3851497192380313,0.58,0.5012,0.7985611510791367,0.6852791878172588,0.8229508196721311,0.5465587044534413,0.42382086928361584
GaussianNB,0.7971318410030234,0.510268855876075,0.19371950223506662,0.8003597122302158,0.6598984771573604,0.8306010928961749,0.5394190871369294,0.4173530897298522,0.95,0.4518,0.8129496402877698,0.649746192893401,0.848087431693989,0.5517241379310345,0.43692090464250066
Decision Tree,0.8050511774985438,0.4826791577502878,0.13872137826361905,0.8219424460431655,0.7055837563451777,0.8469945355191257,0.5840336134453782,0.4750039343230341,0.59,0.4565,0.8219424460431655,0.7055837563451777,0.8469945355191257,0.5840336134453782,0.4750039343230341
Random Forest,0.9211450445202629,0.6873219480644095,0.10391408009337616,0.8821942446043165,0.7157360406091371,0.9180327868852459,0.6828087167070218,0.6106609078663217,0.5,0.6014,0.8821942446043165,0.7157360406091371,0.9180327868852459,0.6828087167070218,0.6106609078663217
Extra Trees,0.903508917921833,0.6807817670762355,0.11989330978478266,0.8741007194244604,0.7208121827411168,0.907103825136612,0.6698113207547169,0.5925140688391572,0.48,0.567,0.8660071942446043,0.7563451776649747,0.8896174863387978,0.6666666666666666,0.5842875924569204
AdaBoost,0.9095337161243794,0.6798703617101575,0.18962573396894014,0.8579136690647482,0.7258883248730964,0.8863387978142077,0.6441441441441441,0.5567821195227164,0.51,0.5582,0.8633093525179856,0.6649746192893401,0.9060109289617486,0.6328502415458938,0.5491130258489609
Gradient Boosting,0.9012343624310004,0.703397584064278,0.08963944778794095,0.8785971223021583,0.6903553299492385,0.9191256830601093,0.6683046683046683,0.5940991336887985,0.44,0.5779,0.8741007194244604,0.7309644670050761,0.9049180327868852,0.6728971962616822,0.5955544240131767
XGBoost,0.912041274860614,0.7208550907687428,0.08259222497546241,0.8920863309352518,0.6954314720812182,0.9344262295081968,0.6954314720812182,0.629857701589415,0.46,0.589,0.8884892086330936,0.7106598984771574,0.926775956284153,0.693069306930693,0.6249884413500504
CatBoost,0.9157970652686471,0.7109403982193854,0.08215854989776322,0.8938848920863309,0.6954314720812182,0.9366120218579235,0.6989795918367347,0.634571146894512,0.42,0.5973,0.887589928057554,0.7360406091370558,0.9202185792349726,0.6987951807228916,0.6299136287634323
SVM,0.8158886022579125,0.5501465331130811,0.19799335569456372,0.6672661870503597,0.7309644670050761,0.653551912568306,0.4376899696048632,0.2520115914206035,0.67,0.4431,0.8309352517985612,0.5228426395939086,0.8972677595628415,0.5228426395939086,0.4201103991567502
